estimate,p.value,Contrast,Q,Star
0.232241447131965,1.95786050384779e-05,GTwt_DSS - GTwt_Water,2.44732562980974e-05,***
0.283616445411514,3.18317380643051e-06,GTtg_DSS - GTwt_Water,5.30528967738419e-06,***
0.141956788455915,0.0144545975207457,GTtg_DSS - GTtg_Water,0.0144545975207457,*
0.409588596562278,6.73427082583756e-12,GTtg_Water - GTwt_Water,3.36713541291878e-11,***
0.292580310504228,4.39551199699718e-07,(GTwt_DSS - GTwt_Water) - (GTtg_DSS - GTtg_Water),1.0988779992493e-06,***
